id,snippet.title,statistics.viewCount,statistics.subscriberCount,statistics.videoCount,retrievedAt
UCwUJ_Zli745ZoImP4IljpYg,Addis Compass Media / ACM / አዲስ  ኮምፓስ  ሚዲያ,41776199,132000,2450,2026-08-01 00:02:11 UTC
UC-kDmfnktrzc_SGpS9ulrXw,Adebabay Media,15481975,113000,1188,2026-08-01 00:02:11 UTC
UCUyDe7EvbwwDRjyjUFU5Zhw,Alpha Media አልፋ ሚዲያ,9695144,56700,1719,2026-08-01 00:02:11 UTC
UCwMHDoJO6cHO6LN1BItFsPQ,Andafta,372497443,1170000,9885,2026-08-01 00:02:11 UTC
UCK71ZGx5VYTWw2XQ0F_O0nQ,Arat Kilo Media አራት ኪሎ ሚዲያ ,945174,21100,90,2026-08-01 00:02:11 UTC
UC3-RNH75BEZslJLEoIAxa2A,DW Amharic,7290766,170000,1292,2026-08-01 00:02:11 UTC
UCb3euYUGSY7REtF8NDsMLsA,Dawit Dreams,73130789,693000,1299,2026-08-01 00:02:11 UTC
UCdQ-5b2xJiCWgxinWo4NX7w,Dejaf TV,15641532,214000,117,2026-08-01 00:02:11 UTC
UCqGE-jrAMzhipIWivRsaI5A,Donkey Tube,667356528,3310000,2107,2026-08-01 00:02:11 UTC
UCOhrz3uRCOHmK6ueUstw7_Q,EBC,650259598,2150000,82356,2026-08-01 00:02:11 UTC
UCCJbY4YdJIUk7Lygrkg5IRA,EMS (Ethiopian Media Services),174828626,579000,4728,2026-08-01 00:02:11 UTC
UCSYM-vgRrMYsZbG-Z7Kz0Pw,ESATtv Ethiopia,221376146,764000,14220,2026-08-01 00:02:11 UTC
UC_m5g0TeOmYTPb535BLWd9Q,Ethio Focus _ኢትዮ ፎከስ,35222393,169000,1092,2026-08-01 00:02:11 UTC
UCXUFyN9Ys5tiIHgJFQKRJvA,Ethio Forum ኢትዮ ፎረም,731374941,1470000,3948,2026-08-01 00:02:11 UTC
UCelbYFUaQW3eb9sg3004ZGw,Ethio News - ኢትዮ ኒውስ,93417088,390000,2837,2026-08-01 00:02:11 UTC
UCoVL5YOr2KdnYNspQf3s5uw,Ethio Selam_ኢትዮ ሰላም,10886361,116000,1152,2026-08-01 00:02:11 UTC
UCCk2vUhB0SyQhA6JXyjXHEg,EthioTube,50507268,339000,1976,2026-08-01 00:02:11 UTC
UC4yEV6VBe0Emu8sMpyij0uQ,Fana Entertainment ,83996867,622000,25755,2026-08-01 00:02:11 UTC
UCZtXd8pSeqURf5MT2fqE51g,Fana Television,553442552,1950000,65338,2026-08-01 00:02:11 UTC
UCgBnBckSLo6-uAiejtnEycQ,Feta Daily News,384730723,1150000,3214,2026-08-01 00:02:11 UTC
UCsNubCFfRG-jcQcWF9owGTw,Finote Godana,185897,9110,29,2026-08-01 00:02:11 UTC
UCb9fEB6StrknyRiSSzQ7H0A,GEBEYANU,16608392,171000,931,2026-08-01 00:02:11 UTC
UCkOxp2i-ltA9jj0uSamcFWQ,Gugut Podcast,5726282,52500,269,2026-08-01 00:02:11 UTC
UCNgwbT7BCcppLG3zDm9f5UA,Horizon Free Media    ሆራይዝን ነፃ ሚዲያ,9806731,90900,492,2026-08-01 00:02:11 UTC
UCzKNuQ80qNSpt2x-7dsazJg,MERI PODCAST,18000725,236000,198,2026-08-01 00:02:11 UTC
UCilWrw2C8_VkFZ2tE5eKpdQ,Mager Media - ማገር ,2554403,37000,450,2026-08-01 00:02:11 UTC
UCZvMKrP8XmP9GAHMloucOaA,Mengizem Media ምንጊዜም ሚዲያ,13311907,101000,3867,2026-08-01 00:02:11 UTC
UCmAnzjcjIgtWuE6AnBCViTg,OMN,180868130,963000,14647,2026-08-01 00:02:11 UTC
UCPVr1rrKl8pXVFi-rrqzS1g,Reyot,97810132,421000,2889,2026-08-01 00:02:11 UTC
UCDXU7RuIQc0xRKJyP0ZTZaQ,Roha ,119779985,425000,3845,2026-08-01 00:02:11 UTC
UCR9FW-7YPXYQE4U6UkuXM4A,TELES NEWS -ጠለስ ኒውስ,14175633,88300,598,2026-08-01 00:02:11 UTC
UC_f89AbX5NPU77YaoaSKRSg,Terara Network,3830377,53700,285,2026-08-01 00:02:11 UTC
UCBvvcSYeDriczyImdI1qZWw,Tigrai Media House,163785932,389000,6887,2026-08-01 00:02:11 UTC
UC5OePohJjdkd0Uwm3r1cThA,VOA Amharic,17570175,208000,8177,2026-08-01 00:02:11 UTC
UCQwdCM4dBMgxPh0UZa8PIow,Wazema Radio,3309790,66900,1302,2026-08-01 00:02:11 UTC
UCJ61rOk0c0b0COn0qOOo1aQ,Zara Media Network - ዛራ,839481,140000,0,2026-08-01 00:02:11 UTC
UCVcc_sbg3AcXLV9vVufJrGg,ebstv worldwide,2023179520,3610000,38964,2026-08-01 00:02:11 UTC
UC6bam4pQbuUgXnmyEFlSpNA,ዓባይ ዜና - Abbay News,56992678,638000,3024,2026-08-01 00:02:11 UTC
UCwUJ_Zli745ZoImP4IljpYg,Addis Compass Media / ACM / አዲስ  ኮምፓስ  ሚዲያ,41776199,133000,2453,2026-08-01 23:57:21 UTC
UC-kDmfnktrzc_SGpS9ulrXw,Adebabay Media,15481975,113000,1188,2026-08-01 23:57:21 UTC
UCUyDe7EvbwwDRjyjUFU5Zhw,Alpha Media አልፋ ሚዲያ,9695144,56700,1719,2026-08-01 23:57:21 UTC
UCwMHDoJO6cHO6LN1BItFsPQ,Andafta,372497443,1170000,9889,2026-08-01 23:57:21 UTC
UCK71ZGx5VYTWw2XQ0F_O0nQ,Arat Kilo Media አራት ኪሎ ሚዲያ ,945174,21100,90,2026-08-01 23:57:21 UTC
UC3-RNH75BEZslJLEoIAxa2A,DW Amharic,7290766,170000,1292,2026-08-01 23:57:21 UTC
UCb3euYUGSY7REtF8NDsMLsA,Dawit Dreams,73130789,694000,1299,2026-08-01 23:57:21 UTC
UCdQ-5b2xJiCWgxinWo4NX7w,Dejaf TV,15641532,214000,117,2026-08-01 23:57:21 UTC
UCqGE-jrAMzhipIWivRsaI5A,Donkey Tube,667356528,3310000,2107,2026-08-01 23:57:21 UTC
UCOhrz3uRCOHmK6ueUstw7_Q,EBC,650259598,2150000,82388,2026-08-01 23:57:21 UTC
UCCJbY4YdJIUk7Lygrkg5IRA,EMS (Ethiopian Media Services),174828626,579000,4730,2026-08-01 23:57:21 UTC
UCSYM-vgRrMYsZbG-Z7Kz0Pw,ESATtv Ethiopia,221376146,764000,14222,2026-08-01 23:57:21 UTC
UC_m5g0TeOmYTPb535BLWd9Q,Ethio Focus _ኢትዮ ፎከስ,35222393,169000,1094,2026-08-01 23:57:21 UTC
UCXUFyN9Ys5tiIHgJFQKRJvA,Ethio Forum ኢትዮ ፎረም,731374941,1470000,3949,2026-08-01 23:57:21 UTC
UCelbYFUaQW3eb9sg3004ZGw,Ethio News - ኢትዮ ኒውስ,93417088,391000,2839,2026-08-01 23:57:21 UTC
UCoVL5YOr2KdnYNspQf3s5uw,Ethio Selam_ኢትዮ ሰላም,10886361,116000,1155,2026-08-01 23:57:21 UTC
UCCk2vUhB0SyQhA6JXyjXHEg,EthioTube,50507268,339000,1976,2026-08-01 23:57:21 UTC
UC4yEV6VBe0Emu8sMpyij0uQ,Fana Entertainment ,83996867,622000,25755,2026-08-01 23:57:21 UTC
UCZtXd8pSeqURf5MT2fqE51g,Fana Television,553442552,1950000,65382,2026-08-01 23:57:21 UTC
UCgBnBckSLo6-uAiejtnEycQ,Feta Daily News,384730723,1150000,3216,2026-08-01 23:57:21 UTC
UCsNubCFfRG-jcQcWF9owGTw,Finote Godana,185897,9110,29,2026-08-01 23:57:21 UTC
UCb9fEB6StrknyRiSSzQ7H0A,GEBEYANU,16608392,171000,931,2026-08-01 23:57:21 UTC
UCkOxp2i-ltA9jj0uSamcFWQ,Gugut Podcast,5726282,52500,269,2026-08-01 23:57:21 UTC
UCNgwbT7BCcppLG3zDm9f5UA,Horizon Free Media    ሆራይዝን ነፃ ሚዲያ,9806731,91900,494,2026-08-01 23:57:21 UTC
UCzKNuQ80qNSpt2x-7dsazJg,MERI PODCAST,18000725,236000,198,2026-08-01 23:57:21 UTC
UCilWrw2C8_VkFZ2tE5eKpdQ,Mager Media - ማገር ,2554403,37000,450,2026-08-01 23:57:21 UTC
UCZvMKrP8XmP9GAHMloucOaA,Mengizem Media ምንጊዜም ሚዲያ,13311907,101000,3868,2026-08-01 23:57:21 UTC
UCmAnzjcjIgtWuE6AnBCViTg,OMN,180868130,963000,14650,2026-08-01 23:57:21 UTC
UCPVr1rrKl8pXVFi-rrqzS1g,Reyot,97810132,422000,2890,2026-08-01 23:57:21 UTC
UCDXU7RuIQc0xRKJyP0ZTZaQ,Roha ,119779985,425000,3847,2026-08-01 23:57:21 UTC
UCR9FW-7YPXYQE4U6UkuXM4A,TELES NEWS -ጠለስ ኒውስ,14175633,88400,599,2026-08-01 23:57:21 UTC
UC_f89AbX5NPU77YaoaSKRSg,Terara Network,3830377,53700,285,2026-08-01 23:57:21 UTC
UCBvvcSYeDriczyImdI1qZWw,Tigrai Media House,163785932,389000,6887,2026-08-01 23:57:21 UTC
UC5OePohJjdkd0Uwm3r1cThA,VOA Amharic,17570175,208000,8177,2026-08-01 23:57:21 UTC
UCQwdCM4dBMgxPh0UZa8PIow,Wazema Radio,3309790,66900,1302,2026-08-01 23:57:21 UTC
UCJ61rOk0c0b0COn0qOOo1aQ,Zara Media Network - ዛራ,839481,140000,0,2026-08-01 23:57:21 UTC
UCVcc_sbg3AcXLV9vVufJrGg,ebstv worldwide,2023179520,3610000,39000,2026-08-01 23:57:21 UTC
UC6bam4pQbuUgXnmyEFlSpNA,ዓባይ ዜና - Abbay News,56992678,639000,3024,2026-08-01 23:57:21 UTC
UCwUJ_Zli745ZoImP4IljpYg,Addis Compass Media / ACM / አዲስ  ኮምፓስ  ሚዲያ,41776199,133000,2454,2026-08-02 23:57:46 UTC
UC-kDmfnktrzc_SGpS9ulrXw,Adebabay Media,15481975,113000,1188,2026-08-02 23:57:46 UTC
UCUyDe7EvbwwDRjyjUFU5Zhw,Alpha Media አልፋ ሚዲያ,9695144,56700,1719,2026-08-02 23:57:46 UTC
UCwMHDoJO6cHO6LN1BItFsPQ,Andafta,372497443,1170000,9891,2026-08-02 23:57:46 UTC
UCK71ZGx5VYTWw2XQ0F_O0nQ,Arat Kilo Media አራት ኪሎ ሚዲያ ,945174,21100,90,2026-08-02 23:57:46 UTC
UC3-RNH75BEZslJLEoIAxa2A,DW Amharic,7290766,171000,1295,2026-08-02 23:57:46 UTC
UCb3euYUGSY7REtF8NDsMLsA,Dawit Dreams,73130789,694000,1299,2026-08-02 23:57:46 UTC
UCdQ-5b2xJiCWgxinWo4NX7w,Dejaf TV,15641532,214000,119,2026-08-02 23:57:46 UTC
UCqGE-jrAMzhipIWivRsaI5A,Donkey Tube,667356528,3310000,2107,2026-08-02 23:57:46 UTC
UCOhrz3uRCOHmK6ueUstw7_Q,EBC,650259598,2150000,82421,2026-08-02 23:57:46 UTC
UCCJbY4YdJIUk7Lygrkg5IRA,EMS (Ethiopian Media Services),174828626,580000,4732,2026-08-02 23:57:46 UTC
UCSYM-vgRrMYsZbG-Z7Kz0Pw,ESATtv Ethiopia,221376146,764000,14225,2026-08-02 23:57:46 UTC
UC_m5g0TeOmYTPb535BLWd9Q,Ethio Focus _ኢትዮ ፎከስ,35222393,170000,1096,2026-08-02 23:57:46 UTC
UCXUFyN9Ys5tiIHgJFQKRJvA,Ethio Forum ኢትዮ ፎረም,731374941,1470000,3949,2026-08-02 23:57:46 UTC
UCelbYFUaQW3eb9sg3004ZGw,Ethio News - ኢትዮ ኒውስ,93417088,392000,2841,2026-08-02 23:57:46 UTC
UCoVL5YOr2KdnYNspQf3s5uw,Ethio Selam_ኢትዮ ሰላም,10886361,116000,1157,2026-08-02 23:57:46 UTC
UCCk2vUhB0SyQhA6JXyjXHEg,EthioTube,50507268,339000,1976,2026-08-02 23:57:46 UTC
UC4yEV6VBe0Emu8sMpyij0uQ,Fana Entertainment ,83996867,622000,25764,2026-08-02 23:57:46 UTC
UCZtXd8pSeqURf5MT2fqE51g,Fana Television,553442552,1950000,65403,2026-08-02 23:57:46 UTC
UCgBnBckSLo6-uAiejtnEycQ,Feta Daily News,384730723,1150000,3217,2026-08-02 23:57:46 UTC
UCsNubCFfRG-jcQcWF9owGTw,Finote Godana,185897,9110,29,2026-08-02 23:57:46 UTC
UCb9fEB6StrknyRiSSzQ7H0A,GEBEYANU,16608392,171000,931,2026-08-02 23:57:46 UTC
UCkOxp2i-ltA9jj0uSamcFWQ,Gugut Podcast,5726282,52500,269,2026-08-02 23:57:46 UTC
UCNgwbT7BCcppLG3zDm9f5UA,Horizon Free Media    ሆራይዝን ነፃ ሚዲያ,9806731,92400,494,2026-08-02 23:57:46 UTC
UCzKNuQ80qNSpt2x-7dsazJg,MERI PODCAST,18000725,237000,198,2026-08-02 23:57:46 UTC
UCilWrw2C8_VkFZ2tE5eKpdQ,Mager Media - ማገር ,2554403,37000,450,2026-08-02 23:57:46 UTC
UCZvMKrP8XmP9GAHMloucOaA,Mengizem Media ምንጊዜም ሚዲያ,13311907,101000,3870,2026-08-02 23:57:46 UTC
UCmAnzjcjIgtWuE6AnBCViTg,OMN,180868130,964000,14655,2026-08-02 23:57:46 UTC
UCPVr1rrKl8pXVFi-rrqzS1g,Reyot,97810132,422000,2890,2026-08-02 23:57:46 UTC
UCDXU7RuIQc0xRKJyP0ZTZaQ,Roha ,119779985,425000,3850,2026-08-02 23:57:46 UTC
UCR9FW-7YPXYQE4U6UkuXM4A,TELES NEWS -ጠለስ ኒውስ,14175633,88500,600,2026-08-02 23:57:46 UTC
UC_f89AbX5NPU77YaoaSKRSg,Terara Network,3830377,53700,285,2026-08-02 23:57:46 UTC
UCBvvcSYeDriczyImdI1qZWw,Tigrai Media House,163785932,389000,6887,2026-08-02 23:57:46 UTC
UC5OePohJjdkd0Uwm3r1cThA,VOA Amharic,17570175,208000,8177,2026-08-02 23:57:46 UTC
UCQwdCM4dBMgxPh0UZa8PIow,Wazema Radio,3309790,66900,1302,2026-08-02 23:57:46 UTC
UCJ61rOk0c0b0COn0qOOo1aQ,Zara Media Network - ዛራ,839481,140000,0,2026-08-02 23:57:46 UTC
UCVcc_sbg3AcXLV9vVufJrGg,ebstv worldwide,2023179520,3610000,39031,2026-08-02 23:57:46 UTC
UC6bam4pQbuUgXnmyEFlSpNA,ዓባይ ዜና - Abbay News,56992678,639000,3024,2026-08-02 23:57:46 UTC
UCwUJ_Zli745ZoImP4IljpYg,Addis Compass Media / ACM / አዲስ  ኮምፓስ  ሚዲያ,41927798,133000,2456,2026-08-04 00:08:10 UTC
UC-kDmfnktrzc_SGpS9ulrXw,Adebabay Media,15482255,113000,1188,2026-08-04 00:08:10 UTC
UCUyDe7EvbwwDRjyjUFU5Zhw,Alpha Media አልፋ ሚዲያ,9695246,56700,1719,2026-08-04 00:08:10 UTC
UCwMHDoJO6cHO6LN1BItFsPQ,Andafta,372763739,1170000,9895,2026-08-04 00:08:10 UTC
UCK71ZGx5VYTWw2XQ0F_O0nQ,Arat Kilo Media አራት ኪሎ ሚዲያ ,945260,21100,90,2026-08-04 00:08:10 UTC
UC3-RNH75BEZslJLEoIAxa2A,DW Amharic,7322841,171000,1297,2026-08-04 00:08:10 UTC
UCb3euYUGSY7REtF8NDsMLsA,Dawit Dreams,73164115,694000,1300,2026-08-04 00:08:10 UTC
UCdQ-5b2xJiCWgxinWo4NX7w,Dejaf TV,15674403,214000,119,2026-08-04 00:08:10 UTC
UCqGE-jrAMzhipIWivRsaI5A,Donkey Tube,667815121,3310000,2107,2026-08-04 00:08:10 UTC
UCOhrz3uRCOHmK6ueUstw7_Q,EBC,650947979,2150000,82478,2026-08-04 00:08:10 UTC
UCCJbY4YdJIUk7Lygrkg5IRA,EMS (Ethiopian Media Services),175129081,580000,4735,2026-08-04 00:08:10 UTC
UCSYM-vgRrMYsZbG-Z7Kz0Pw,ESATtv Ethiopia,221408771,765000,14230,2026-08-04 00:08:10 UTC
UC_m5g0TeOmYTPb535BLWd9Q,Ethio Focus _ኢትዮ ፎከስ,35438339,170000,1098,2026-08-04 00:08:10 UTC
UCXUFyN9Ys5tiIHgJFQKRJvA,Ethio Forum ኢትዮ ፎረም,732033884,1470000,3949,2026-08-04 00:08:10 UTC
UCelbYFUaQW3eb9sg3004ZGw,Ethio News - ኢትዮ ኒውስ,93919247,393000,2844,2026-08-04 00:08:10 UTC
UCoVL5YOr2KdnYNspQf3s5uw,Ethio Selam_ኢትዮ ሰላም,10940110,116000,1159,2026-08-04 00:08:10 UTC
UCCk2vUhB0SyQhA6JXyjXHEg,EthioTube,50526661,339000,1976,2026-08-04 00:08:10 UTC
UC4yEV6VBe0Emu8sMpyij0uQ,Fana Entertainment ,84061351,622000,25765,2026-08-04 00:08:10 UTC
UCZtXd8pSeqURf5MT2fqE51g,Fana Television,554199906,1950000,65450,2026-08-04 00:08:10 UTC
UCgBnBckSLo6-uAiejtnEycQ,Feta Daily News,385288518,1150000,3219,2026-08-04 00:08:10 UTC
UCsNubCFfRG-jcQcWF9owGTw,Finote Godana,185901,9110,29,2026-08-04 00:08:10 UTC
UCb9fEB6StrknyRiSSzQ7H0A,GEBEYANU,16613200,171000,931,2026-08-04 00:08:10 UTC
UCkOxp2i-ltA9jj0uSamcFWQ,Gugut Podcast,5727745,52500,269,2026-08-04 00:08:10 UTC
UCNgwbT7BCcppLG3zDm9f5UA,Horizon Free Media    ሆራይዝን ነፃ ሚዲያ,9938036,92500,494,2026-08-04 00:08:10 UTC
UCzKNuQ80qNSpt2x-7dsazJg,MERI PODCAST,18068141,237000,198,2026-08-04 00:08:10 UTC
UCilWrw2C8_VkFZ2tE5eKpdQ,Mager Media - ማገር ,2554812,37000,450,2026-08-04 00:08:10 UTC
UCZvMKrP8XmP9GAHMloucOaA,Mengizem Media ምንጊዜም ሚዲያ,13322320,101000,3871,2026-08-04 00:08:10 UTC
UCmAnzjcjIgtWuE6AnBCViTg,OMN,180971953,964000,14658,2026-08-04 00:08:10 UTC
UCPVr1rrKl8pXVFi-rrqzS1g,Reyot,97948198,422000,2891,2026-08-04 00:08:10 UTC
UCDXU7RuIQc0xRKJyP0ZTZaQ,Roha ,120141999,426000,3852,2026-08-04 00:08:10 UTC
UCR9FW-7YPXYQE4U6UkuXM4A,TELES NEWS -ጠለስ ኒውስ,14251525,88600,601,2026-08-04 00:08:10 UTC
UC_f89AbX5NPU77YaoaSKRSg,Terara Network,3830400,53700,285,2026-08-04 00:08:10 UTC
UCBvvcSYeDriczyImdI1qZWw,Tigrai Media House,163792062,389000,6887,2026-08-04 00:08:10 UTC
UC5OePohJjdkd0Uwm3r1cThA,VOA Amharic,17572454,208000,8177,2026-08-04 00:08:10 UTC
UCQwdCM4dBMgxPh0UZa8PIow,Wazema Radio,3313395,66900,1303,2026-08-04 00:08:10 UTC
UCJ61rOk0c0b0COn0qOOo1aQ,Zara Media Network - ዛራ,839481,140000,0,2026-08-04 00:08:10 UTC
UCVcc_sbg3AcXLV9vVufJrGg,ebstv worldwide,2026944261,3610000,39049,2026-08-04 00:08:10 UTC
UC6bam4pQbuUgXnmyEFlSpNA,ዓባይ ዜና - Abbay News,57037999,640000,3026,2026-08-04 00:08:10 UTC
UCwUJ_Zli745ZoImP4IljpYg,Addis Compass Media / ACM / አዲስ  ኮምፓስ  ሚዲያ,41980580,133000,2458,2026-08-05 00:02:06 UTC
UC-kDmfnktrzc_SGpS9ulrXw,Adebabay Media,15482358,113000,1188,2026-08-05 00:02:06 UTC
UCUyDe7EvbwwDRjyjUFU5Zhw,Alpha Media አልፋ ሚዲያ,9695291,56700,1719,2026-08-05 00:02:06 UTC
UCwMHDoJO6cHO6LN1BItFsPQ,Andafta,372866734,1170000,9897,2026-08-05 00:02:06 UTC
UCK71ZGx5VYTWw2XQ0F_O0nQ,Arat Kilo Media አራት ኪሎ ሚዲያ ,945272,21100,90,2026-08-05 00:02:06 UTC
UC3-RNH75BEZslJLEoIAxa2A,DW Amharic,7354179,172000,1298,2026-08-05 00:02:06 UTC
UCb3euYUGSY7REtF8NDsMLsA,Dawit Dreams,73174250,694000,1300,2026-08-05 00:02:06 UTC
UCdQ-5b2xJiCWgxinWo4NX7w,Dejaf TV,15692111,214000,119,2026-08-05 00:02:06 UTC
UCqGE-jrAMzhipIWivRsaI5A,Donkey Tube,667937118,3310000,2110,2026-08-05 00:02:06 UTC
UCOhrz3uRCOHmK6ueUstw7_Q,EBC,651145227,2150000,82504,2026-08-05 00:02:06 UTC
UCCJbY4YdJIUk7Lygrkg5IRA,EMS (Ethiopian Media Services),175248589,580000,4739,2026-08-05 00:02:06 UTC
UCSYM-vgRrMYsZbG-Z7Kz0Pw,ESATtv Ethiopia,221452951,765000,14235,2026-08-05 00:02:06 UTC
UC_m5g0TeOmYTPb535BLWd9Q,Ethio Focus _ኢትዮ ፎከስ,35511871,170000,1100,2026-08-05 00:02:06 UTC
UCXUFyN9Ys5tiIHgJFQKRJvA,Ethio Forum ኢትዮ ፎረም,732162829,1470000,3950,2026-08-05 00:02:06 UTC
UCelbYFUaQW3eb9sg3004ZGw,Ethio News - ኢትዮ ኒውስ,94114536,393000,2846,2026-08-05 00:02:06 UTC
UCoVL5YOr2KdnYNspQf3s5uw,Ethio Selam_ኢትዮ ሰላም,10960754,116000,1161,2026-08-05 00:02:06 UTC
UCCk2vUhB0SyQhA6JXyjXHEg,EthioTube,50532038,339000,1976,2026-08-05 00:02:06 UTC
UC4yEV6VBe0Emu8sMpyij0uQ,Fana Entertainment ,84084577,622000,25766,2026-08-05 00:02:06 UTC
UCZtXd8pSeqURf5MT2fqE51g,Fana Television,554338865,1950000,65479,2026-08-05 00:02:06 UTC
UCgBnBckSLo6-uAiejtnEycQ,Feta Daily News,385518868,1150000,3221,2026-08-05 00:02:06 UTC
UCsNubCFfRG-jcQcWF9owGTw,Finote Godana,185905,9110,29,2026-08-05 00:02:06 UTC
UCb9fEB6StrknyRiSSzQ7H0A,GEBEYANU,16615673,171000,931,2026-08-05 00:02:06 UTC
UCkOxp2i-ltA9jj0uSamcFWQ,Gugut Podcast,5728208,52500,269,2026-08-05 00:02:06 UTC
UCNgwbT7BCcppLG3zDm9f5UA,Horizon Free Media    ሆራይዝን ነፃ ሚዲያ,9962188,92800,495,2026-08-05 00:02:06 UTC
UCzKNuQ80qNSpt2x-7dsazJg,MERI PODCAST,18086140,237000,198,2026-08-05 00:02:06 UTC
UCilWrw2C8_VkFZ2tE5eKpdQ,Mager Media - ማገር ,2554889,37000,450,2026-08-05 00:02:06 UTC
UCZvMKrP8XmP9GAHMloucOaA,Mengizem Media ምንጊዜም ሚዲያ,13324783,101000,3872,2026-08-05 00:02:06 UTC
UCmAnzjcjIgtWuE6AnBCViTg,OMN,181002668,964000,14664,2026-08-05 00:02:06 UTC
UCPVr1rrKl8pXVFi-rrqzS1g,Reyot,98020356,422000,2892,2026-08-05 00:02:06 UTC
UCDXU7RuIQc0xRKJyP0ZTZaQ,Roha ,120251917,426000,3856,2026-08-05 00:02:06 UTC
UCR9FW-7YPXYQE4U6UkuXM4A,TELES NEWS -ጠለስ ኒውስ,14284019,88600,603,2026-08-05 00:02:06 UTC
UC_f89AbX5NPU77YaoaSKRSg,Terara Network,3830407,53700,285,2026-08-05 00:02:06 UTC
UCBvvcSYeDriczyImdI1qZWw,Tigrai Media House,163793992,389000,6887,2026-08-05 00:02:06 UTC
UC5OePohJjdkd0Uwm3r1cThA,VOA Amharic,17573187,208000,8177,2026-08-05 00:02:06 UTC
UCQwdCM4dBMgxPh0UZa8PIow,Wazema Radio,3315851,66900,1304,2026-08-05 00:02:06 UTC
UCJ61rOk0c0b0COn0qOOo1aQ,Zara Media Network - ዛራ,839481,140000,0,2026-08-05 00:02:06 UTC
UCVcc_sbg3AcXLV9vVufJrGg,ebstv worldwide,2027920593,3620000,39062,2026-08-05 00:02:06 UTC
UC6bam4pQbuUgXnmyEFlSpNA,ዓባይ ዜና - Abbay News,57069724,640000,3028,2026-08-05 00:02:06 UTC
UCwUJ_Zli745ZoImP4IljpYg,Addis Compass Media / ACM / አዲስ  ኮምፓስ  ሚዲያ,42025043,133000,2460,2026-08-05 23:59:21 UTC
UC-kDmfnktrzc_SGpS9ulrXw,Adebabay Media,15482434,113000,1188,2026-08-05 23:59:21 UTC
UCUyDe7EvbwwDRjyjUFU5Zhw,Alpha Media አልፋ ሚዲያ,9695308,56700,1719,2026-08-05 23:59:21 UTC
UCwMHDoJO6cHO6LN1BItFsPQ,Andafta,372968039,1170000,9900,2026-08-05 23:59:21 UTC
UCK71ZGx5VYTWw2XQ0F_O0nQ,Arat Kilo Media አራት ኪሎ ሚዲያ ,945287,21100,90,2026-08-05 23:59:21 UTC
UC3-RNH75BEZslJLEoIAxa2A,DW Amharic,7411312,173000,1299,2026-08-05 23:59:21 UTC
UCb3euYUGSY7REtF8NDsMLsA,Dawit Dreams,73183737,694000,1300,2026-08-05 23:59:21 UTC
UCdQ-5b2xJiCWgxinWo4NX7w,Dejaf TV,15703882,214000,119,2026-08-05 23:59:21 UTC
UCqGE-jrAMzhipIWivRsaI5A,Donkey Tube,668059461,3310000,2111,2026-08-05 23:59:21 UTC
UCOhrz3uRCOHmK6ueUstw7_Q,EBC,651292652,2150000,82536,2026-08-05 23:59:21 UTC
UCCJbY4YdJIUk7Lygrkg5IRA,EMS (Ethiopian Media Services),175393584,580000,4743,2026-08-05 23:59:21 UTC
UCSYM-vgRrMYsZbG-Z7Kz0Pw,ESATtv Ethiopia,221477459,765000,14240,2026-08-05 23:59:21 UTC
UC_m5g0TeOmYTPb535BLWd9Q,Ethio Focus _ኢትዮ ፎከስ,35586836,170000,1102,2026-08-05 23:59:21 UTC
UCXUFyN9Ys5tiIHgJFQKRJvA,Ethio Forum ኢትዮ ፎረም,732508672,1470000,3950,2026-08-05 23:59:21 UTC
UCelbYFUaQW3eb9sg3004ZGw,Ethio News - ኢትዮ ኒውስ,94230566,393000,2847,2026-08-05 23:59:21 UTC
UCoVL5YOr2KdnYNspQf3s5uw,Ethio Selam_ኢትዮ ሰላም,10974515,116000,1163,2026-08-05 23:59:21 UTC
UCCk2vUhB0SyQhA6JXyjXHEg,EthioTube,50537255,339000,1976,2026-08-05 23:59:21 UTC
UC4yEV6VBe0Emu8sMpyij0uQ,Fana Entertainment ,84104720,623000,25767,2026-08-05 23:59:21 UTC
UCZtXd8pSeqURf5MT2fqE51g,Fana Television,554498867,1950000,65507,2026-08-05 23:59:21 UTC
UCgBnBckSLo6-uAiejtnEycQ,Feta Daily News,385748333,1150000,3223,2026-08-05 23:59:21 UTC
UCsNubCFfRG-jcQcWF9owGTw,Finote Godana,185910,9110,29,2026-08-05 23:59:21 UTC
UCb9fEB6StrknyRiSSzQ7H0A,GEBEYANU,16619549,171000,931,2026-08-05 23:59:21 UTC
UCkOxp2i-ltA9jj0uSamcFWQ,Gugut Podcast,5728682,52500,269,2026-08-05 23:59:21 UTC
UCNgwbT7BCcppLG3zDm9f5UA,Horizon Free Media    ሆራይዝን ነፃ ሚዲያ,9996037,93000,496,2026-08-05 23:59:21 UTC
UCzKNuQ80qNSpt2x-7dsazJg,MERI PODCAST,18105196,237000,198,2026-08-05 23:59:21 UTC
UCilWrw2C8_VkFZ2tE5eKpdQ,Mager Media - ማገር ,2554930,37000,450,2026-08-05 23:59:21 UTC
UCZvMKrP8XmP9GAHMloucOaA,Mengizem Media ምንጊዜም ሚዲያ,13327055,101000,3873,2026-08-05 23:59:21 UTC
UCmAnzjcjIgtWuE6AnBCViTg,OMN,181050903,965000,14668,2026-08-05 23:59:21 UTC
UCPVr1rrKl8pXVFi-rrqzS1g,Reyot,98067766,422000,2892,2026-08-05 23:59:21 UTC
UCDXU7RuIQc0xRKJyP0ZTZaQ,Roha ,120375937,426000,3858,2026-08-05 23:59:21 UTC
UCR9FW-7YPXYQE4U6UkuXM4A,TELES NEWS -ጠለስ ኒውስ,14324781,88700,604,2026-08-05 23:59:21 UTC
UC_f89AbX5NPU77YaoaSKRSg,Terara Network,3830416,53700,285,2026-08-05 23:59:21 UTC
UCBvvcSYeDriczyImdI1qZWw,Tigrai Media House,163795903,389000,6887,2026-08-05 23:59:21 UTC
UC5OePohJjdkd0Uwm3r1cThA,VOA Amharic,17573830,208000,8177,2026-08-05 23:59:21 UTC
UCQwdCM4dBMgxPh0UZa8PIow,Wazema Radio,3320555,67000,1305,2026-08-05 23:59:21 UTC
UCJ61rOk0c0b0COn0qOOo1aQ,Zara Media Network - ዛራ,839481,140000,0,2026-08-05 23:59:21 UTC
UCVcc_sbg3AcXLV9vVufJrGg,ebstv worldwide,2028765977,3620000,39077,2026-08-05 23:59:21 UTC
UC6bam4pQbuUgXnmyEFlSpNA,ዓባይ ዜና - Abbay News,57111792,640000,3030,2026-08-05 23:59:21 UTC
UCwUJ_Zli745ZoImP4IljpYg,Addis Compass Media / ACM / አዲስ  ኮምፓስ  ሚዲያ,42074981,133000,2461,2026-08-07 01:40:57 UTC
UC-kDmfnktrzc_SGpS9ulrXw,Adebabay Media,15482496,113000,1188,2026-08-07 01:40:57 UTC
UCUyDe7EvbwwDRjyjUFU5Zhw,Alpha Media አልፋ ሚዲያ,9695327,56700,1719,2026-08-07 01:40:57 UTC
UCwMHDoJO6cHO6LN1BItFsPQ,Andafta,373054576,1170000,9904,2026-08-07 01:40:57 UTC
UCK71ZGx5VYTWw2XQ0F_O0nQ,Arat Kilo Media አራት ኪሎ ሚዲያ ,945310,21100,90,2026-08-07 01:40:57 UTC
UC3-RNH75BEZslJLEoIAxa2A,DW Amharic,7452778,173000,1303,2026-08-07 01:40:57 UTC
UCb3euYUGSY7REtF8NDsMLsA,Dawit Dreams,73193574,694000,1300,2026-08-07 01:40:57 UTC
UCdQ-5b2xJiCWgxinWo4NX7w,Dejaf TV,15713054,214000,119,2026-08-07 01:40:57 UTC
UCqGE-jrAMzhipIWivRsaI5A,Donkey Tube,668294936,3310000,2112,2026-08-07 01:40:57 UTC
UCOhrz3uRCOHmK6ueUstw7_Q,EBC,651489946,2150000,82576,2026-08-07 01:40:57 UTC
UCCJbY4YdJIUk7Lygrkg5IRA,EMS (Ethiopian Media Services),175577456,581000,4746,2026-08-07 01:40:57 UTC
UCSYM-vgRrMYsZbG-Z7Kz0Pw,ESATtv Ethiopia,221493562,765000,14245,2026-08-07 01:40:57 UTC
UC_m5g0TeOmYTPb535BLWd9Q,Ethio Focus _ኢትዮ ፎከስ,35655754,171000,1104,2026-08-07 01:40:57 UTC
UCXUFyN9Ys5tiIHgJFQKRJvA,Ethio Forum ኢትዮ ፎረም,732689248,1470000,3950,2026-08-07 01:40:57 UTC
UCelbYFUaQW3eb9sg3004ZGw,Ethio News - ኢትዮ ኒውስ,94330532,393000,2848,2026-08-07 01:40:57 UTC
UCoVL5YOr2KdnYNspQf3s5uw,Ethio Selam_ኢትዮ ሰላም,10985373,116000,1164,2026-08-07 01:40:57 UTC
UCCk2vUhB0SyQhA6JXyjXHEg,EthioTube,50541988,339000,1976,2026-08-07 01:40:57 UTC
UC4yEV6VBe0Emu8sMpyij0uQ,Fana Entertainment ,84135763,623000,25767,2026-08-07 01:40:57 UTC
UCZtXd8pSeqURf5MT2fqE51g,Fana Television,554629957,1950000,65538,2026-08-07 01:40:57 UTC
UCgBnBckSLo6-uAiejtnEycQ,Feta Daily News,385946245,1150000,3225,2026-08-07 01:40:57 UTC
UCsNubCFfRG-jcQcWF9owGTw,Finote Godana,185911,9110,29,2026-08-07 01:40:57 UTC
UCb9fEB6StrknyRiSSzQ7H0A,GEBEYANU,16624629,171000,931,2026-08-07 01:40:57 UTC
UCkOxp2i-ltA9jj0uSamcFWQ,Gugut Podcast,5729118,52500,269,2026-08-07 01:40:57 UTC
UCNgwbT7BCcppLG3zDm9f5UA,Horizon Free Media    ሆራይዝን ነፃ ሚዲያ,10022101,93100,495,2026-08-07 01:40:57 UTC
UCzKNuQ80qNSpt2x-7dsazJg,MERI PODCAST,18123096,237000,198,2026-08-07 01:40:57 UTC
UCilWrw2C8_VkFZ2tE5eKpdQ,Mager Media - ማገር ,2554987,37000,450,2026-08-07 01:40:57 UTC
UCZvMKrP8XmP9GAHMloucOaA,Mengizem Media ምንጊዜም ሚዲያ,13331449,101000,3876,2026-08-07 01:40:57 UTC
UCmAnzjcjIgtWuE6AnBCViTg,OMN,181108490,965000,14672,2026-08-07 01:40:57 UTC
UCPVr1rrKl8pXVFi-rrqzS1g,Reyot,98084415,422000,2893,2026-08-07 01:40:57 UTC
UCDXU7RuIQc0xRKJyP0ZTZaQ,Roha ,120460091,426000,3861,2026-08-07 01:40:57 UTC
UCR9FW-7YPXYQE4U6UkuXM4A,TELES NEWS -ጠለስ ኒውስ,14354857,88700,605,2026-08-07 01:40:57 UTC
UC_f89AbX5NPU77YaoaSKRSg,Terara Network,3830420,53700,285,2026-08-07 01:40:57 UTC
UCBvvcSYeDriczyImdI1qZWw,Tigrai Media House,163797888,389000,6887,2026-08-07 01:40:57 UTC
UC5OePohJjdkd0Uwm3r1cThA,VOA Amharic,17574465,208000,8177,2026-08-07 01:40:57 UTC
UCQwdCM4dBMgxPh0UZa8PIow,Wazema Radio,3325953,67100,1306,2026-08-07 01:40:57 UTC
UCJ61rOk0c0b0COn0qOOo1aQ,Zara Media Network - ዛራ,839481,140000,0,2026-08-07 01:40:57 UTC
UCVcc_sbg3AcXLV9vVufJrGg,ebstv worldwide,2029505243,3620000,39089,2026-08-07 01:40:57 UTC
UC6bam4pQbuUgXnmyEFlSpNA,ዓባይ ዜና - Abbay News,57146482,640000,3032,2026-08-07 01:40:57 UTC
UCwUJ_Zli745ZoImP4IljpYg,Addis Compass Media / ACM / አዲስ  ኮምፓስ  ሚዲያ,42115843,133000,2463,2026-08-07 23:32:55 UTC
UC-kDmfnktrzc_SGpS9ulrXw,Adebabay Media,15484189,113000,1189,2026-08-07 23:32:55 UTC
UCUyDe7EvbwwDRjyjUFU5Zhw,Alpha Media አልፋ ሚዲያ,9695358,56700,1719,2026-08-07 23:32:55 UTC
UCwMHDoJO6cHO6LN1BItFsPQ,Andafta,373177356,1170000,9908,2026-08-07 23:32:55 UTC
UCK71ZGx5VYTWw2XQ0F_O0nQ,Arat Kilo Media አራት ኪሎ ሚዲያ ,945327,21100,90,2026-08-07 23:32:55 UTC
UC3-RNH75BEZslJLEoIAxa2A,DW Amharic,7470038,173000,1304,2026-08-07 23:32:55 UTC
UCb3euYUGSY7REtF8NDsMLsA,Dawit Dreams,73204967,694000,1301,2026-08-07 23:32:55 UTC
UCdQ-5b2xJiCWgxinWo4NX7w,Dejaf TV,15721663,214000,119,2026-08-07 23:32:55 UTC
UCqGE-jrAMzhipIWivRsaI5A,Donkey Tube,668643399,3310000,2112,2026-08-07 23:32:55 UTC
UCOhrz3uRCOHmK6ueUstw7_Q,EBC,651896177,2150000,82610,2026-08-07 23:32:55 UTC
UCCJbY4YdJIUk7Lygrkg5IRA,EMS (Ethiopian Media Services),175780743,581000,4749,2026-08-07 23:32:55 UTC
UCSYM-vgRrMYsZbG-Z7Kz0Pw,ESATtv Ethiopia,221517563,765000,14250,2026-08-07 23:32:55 UTC
UC_m5g0TeOmYTPb535BLWd9Q,Ethio Focus _ኢትዮ ፎከስ,35732304,171000,1106,2026-08-07 23:32:55 UTC
UCXUFyN9Ys5tiIHgJFQKRJvA,Ethio Forum ኢትዮ ፎረም,732845358,1470000,3949,2026-08-07 23:32:55 UTC
UCelbYFUaQW3eb9sg3004ZGw,Ethio News - ኢትዮ ኒውስ,94434793,394000,2849,2026-08-07 23:32:55 UTC
UCoVL5YOr2KdnYNspQf3s5uw,Ethio Selam_ኢትዮ ሰላም,10992119,116000,1164,2026-08-07 23:32:55 UTC
UCCk2vUhB0SyQhA6JXyjXHEg,EthioTube,50547269,339000,1976,2026-08-07 23:32:55 UTC
UC4yEV6VBe0Emu8sMpyij0uQ,Fana Entertainment ,84171988,623000,25768,2026-08-07 23:32:55 UTC
UCZtXd8pSeqURf5MT2fqE51g,Fana Television,554855727,1950000,65570,2026-08-07 23:32:55 UTC
UCgBnBckSLo6-uAiejtnEycQ,Feta Daily News,386166774,1150000,3227,2026-08-07 23:32:55 UTC
UCsNubCFfRG-jcQcWF9owGTw,Finote Godana,185911,9100,29,2026-08-07 23:32:55 UTC
UCb9fEB6StrknyRiSSzQ7H0A,GEBEYANU,16630743,171000,931,2026-08-07 23:32:55 UTC
UCkOxp2i-ltA9jj0uSamcFWQ,Gugut Podcast,5729653,52500,269,2026-08-07 23:32:55 UTC
UCNgwbT7BCcppLG3zDm9f5UA,Horizon Free Media    ሆራይዝን ነፃ ሚዲያ,10044979,93200,497,2026-08-07 23:32:55 UTC
UCzKNuQ80qNSpt2x-7dsazJg,MERI PODCAST,18143840,238000,198,2026-08-07 23:32:55 UTC
UCilWrw2C8_VkFZ2tE5eKpdQ,Mager Media - ማገር ,2555052,37000,450,2026-08-07 23:32:55 UTC
UCZvMKrP8XmP9GAHMloucOaA,Mengizem Media ምንጊዜም ሚዲያ,13333915,101000,3876,2026-08-07 23:32:55 UTC
UCmAnzjcjIgtWuE6AnBCViTg,OMN,181172105,966000,14674,2026-08-07 23:32:55 UTC
UCPVr1rrKl8pXVFi-rrqzS1g,Reyot,98148837,422000,2894,2026-08-07 23:32:55 UTC
UCDXU7RuIQc0xRKJyP0ZTZaQ,Roha ,120597237,426000,3865,2026-08-07 23:32:55 UTC
UCR9FW-7YPXYQE4U6UkuXM4A,TELES NEWS -ጠለስ ኒውስ,14376642,88800,605,2026-08-07 23:32:55 UTC
UC_f89AbX5NPU77YaoaSKRSg,Terara Network,3830429,53700,285,2026-08-07 23:32:55 UTC
UCBvvcSYeDriczyImdI1qZWw,Tigrai Media House,163800247,389000,6887,2026-08-07 23:32:55 UTC
UC5OePohJjdkd0Uwm3r1cThA,VOA Amharic,17575123,208000,8177,2026-08-07 23:32:55 UTC
UCQwdCM4dBMgxPh0UZa8PIow,Wazema Radio,3333358,67100,1307,2026-08-07 23:32:55 UTC
UCJ61rOk0c0b0COn0qOOo1aQ,Zara Media Network - ዛራ,839481,140000,0,2026-08-07 23:32:55 UTC
UCVcc_sbg3AcXLV9vVufJrGg,ebstv worldwide,2030359138,3620000,39099,2026-08-07 23:32:55 UTC
UC6bam4pQbuUgXnmyEFlSpNA,ዓባይ ዜና - Abbay News,57188542,640000,3034,2026-08-07 23:32:55 UTC
UCwUJ_Zli745ZoImP4IljpYg,Addis Compass Media / ACM / አዲስ  ኮምፓስ  ሚዲያ,42157835,133000,2465,2026-08-08 23:27:44 UTC
UC-kDmfnktrzc_SGpS9ulrXw,Adebabay Media,15485106,113000,1189,2026-08-08 23:27:44 UTC
UCUyDe7EvbwwDRjyjUFU5Zhw,Alpha Media አልፋ ሚዲያ,9695391,56700,1719,2026-08-08 23:27:44 UTC
UCwMHDoJO6cHO6LN1BItFsPQ,Andafta,373255942,1170000,9911,2026-08-08 23:27:44 UTC
UCK71ZGx5VYTWw2XQ0F_O0nQ,Arat Kilo Media አራት ኪሎ ሚዲያ ,945342,21100,90,2026-08-08 23:27:44 UTC
UC3-RNH75BEZslJLEoIAxa2A,DW Amharic,7491364,173000,1305,2026-08-08 23:27:44 UTC
UCb3euYUGSY7REtF8NDsMLsA,Dawit Dreams,73215833,694000,1301,2026-08-08 23:27:44 UTC
UCdQ-5b2xJiCWgxinWo4NX7w,Dejaf TV,15729033,214000,119,2026-08-08 23:27:44 UTC
UCqGE-jrAMzhipIWivRsaI5A,Donkey Tube,668844719,3310000,2114,2026-08-08 23:27:44 UTC
UCOhrz3uRCOHmK6ueUstw7_Q,EBC,652153619,2150000,82635,2026-08-08 23:27:44 UTC
UCCJbY4YdJIUk7Lygrkg5IRA,EMS (Ethiopian Media Services),175913881,581000,4751,2026-08-08 23:27:44 UTC
UCSYM-vgRrMYsZbG-Z7Kz0Pw,ESATtv Ethiopia,221541595,766000,14252,2026-08-08 23:27:44 UTC
UC_m5g0TeOmYTPb535BLWd9Q,Ethio Focus _ኢትዮ ፎከስ,35798286,171000,1108,2026-08-08 23:27:44 UTC
UCXUFyN9Ys5tiIHgJFQKRJvA,Ethio Forum ኢትዮ ፎረም,732707910,1470000,3949,2026-08-08 23:27:44 UTC
UCelbYFUaQW3eb9sg3004ZGw,Ethio News - ኢትዮ ኒውስ,94510206,394000,2850,2026-08-08 23:27:44 UTC
UCoVL5YOr2KdnYNspQf3s5uw,Ethio Selam_ኢትዮ ሰላም,10993766,117000,1165,2026-08-08 23:27:44 UTC
UCCk2vUhB0SyQhA6JXyjXHEg,EthioTube,50551312,339000,1976,2026-08-08 23:27:44 UTC
UC4yEV6VBe0Emu8sMpyij0uQ,Fana Entertainment ,84194278,623000,25769,2026-08-08 23:27:44 UTC
UCZtXd8pSeqURf5MT2fqE51g,Fana Television,555009627,1950000,65601,2026-08-08 23:27:44 UTC
UCgBnBckSLo6-uAiejtnEycQ,Feta Daily News,386327871,1150000,3229,2026-08-08 23:27:44 UTC
UCsNubCFfRG-jcQcWF9owGTw,Finote Godana,185911,9100,29,2026-08-08 23:27:44 UTC
UCb9fEB6StrknyRiSSzQ7H0A,GEBEYANU,16635228,171000,931,2026-08-08 23:27:44 UTC
UCkOxp2i-ltA9jj0uSamcFWQ,Gugut Podcast,5730075,52500,269,2026-08-08 23:27:44 UTC
UCNgwbT7BCcppLG3zDm9f5UA,Horizon Free Media    ሆራይዝን ነፃ ሚዲያ,10056189,93300,497,2026-08-08 23:27:44 UTC
UCzKNuQ80qNSpt2x-7dsazJg,MERI PODCAST,18160573,238000,198,2026-08-08 23:27:44 UTC
UCilWrw2C8_VkFZ2tE5eKpdQ,Mager Media - ማገር ,2555086,37000,450,2026-08-08 23:27:44 UTC
UCZvMKrP8XmP9GAHMloucOaA,Mengizem Media ምንጊዜም ሚዲያ,13335934,101000,3878,2026-08-08 23:27:44 UTC
UCmAnzjcjIgtWuE6AnBCViTg,OMN,181206447,966000,14676,2026-08-08 23:27:44 UTC
UCPVr1rrKl8pXVFi-rrqzS1g,Reyot,98213128,423000,2894,2026-08-08 23:27:44 UTC
UCDXU7RuIQc0xRKJyP0ZTZaQ,Roha ,120682325,426000,3867,2026-08-08 23:27:44 UTC
UCR9FW-7YPXYQE4U6UkuXM4A,TELES NEWS -ጠለስ ኒውስ,14383613,88800,606,2026-08-08 23:27:44 UTC
UC_f89AbX5NPU77YaoaSKRSg,Terara Network,3830443,53700,285,2026-08-08 23:27:44 UTC
UCBvvcSYeDriczyImdI1qZWw,Tigrai Media House,163802221,389000,6887,2026-08-08 23:27:44 UTC
UC5OePohJjdkd0Uwm3r1cThA,VOA Amharic,17575679,208000,8177,2026-08-08 23:27:44 UTC
UCQwdCM4dBMgxPh0UZa8PIow,Wazema Radio,3341674,67200,1307,2026-08-08 23:27:44 UTC
UCJ61rOk0c0b0COn0qOOo1aQ,Zara Media Network - ዛራ,839481,140000,0,2026-08-08 23:27:44 UTC
UCVcc_sbg3AcXLV9vVufJrGg,ebstv worldwide,2031113948,3620000,39133,2026-08-08 23:27:44 UTC
UC6bam4pQbuUgXnmyEFlSpNA,ዓባይ ዜና - Abbay News,57216111,641000,3034,2026-08-08 23:27:44 UTC
UCwUJ_Zli745ZoImP4IljpYg,Addis Compass Media / ACM / አዲስ  ኮምፓስ  ሚዲያ,42197931,133000,2467,2026-08-09 23:30:26 UTC
UC-kDmfnktrzc_SGpS9ulrXw,Adebabay Media,15485450,113000,1189,2026-08-09 23:30:26 UTC
UCUyDe7EvbwwDRjyjUFU5Zhw,Alpha Media አልፋ ሚዲያ,9695434,56700,1719,2026-08-09 23:30:26 UTC
UCwMHDoJO6cHO6LN1BItFsPQ,Andafta,373330403,1170000,9912,2026-08-09 23:30:26 UTC
UCK71ZGx5VYTWw2XQ0F_O0nQ,Arat Kilo Media አራት ኪሎ ሚዲያ ,945347,21100,90,2026-08-09 23:30:26 UTC
UC3-RNH75BEZslJLEoIAxa2A,DW Amharic,7513912,174000,1306,2026-08-09 23:30:26 UTC
UCb3euYUGSY7REtF8NDsMLsA,Dawit Dreams,73227961,694000,1301,2026-08-09 23:30:26 UTC
UCdQ-5b2xJiCWgxinWo4NX7w,Dejaf TV,15736657,214000,120,2026-08-09 23:30:26 UTC
UCqGE-jrAMzhipIWivRsaI5A,Donkey Tube,669043203,3310000,2116,2026-08-09 23:30:26 UTC
UCOhrz3uRCOHmK6ueUstw7_Q,EBC,652390474,2150000,82659,2026-08-09 23:30:26 UTC
UCCJbY4YdJIUk7Lygrkg5IRA,EMS (Ethiopian Media Services),175995309,581000,4753,2026-08-09 23:30:26 UTC
UCSYM-vgRrMYsZbG-Z7Kz0Pw,ESATtv Ethiopia,221556134,766000,14255,2026-08-09 23:30:26 UTC
UC_m5g0TeOmYTPb535BLWd9Q,Ethio Focus _ኢትዮ ፎከስ,35885249,171000,1109,2026-08-09 23:30:26 UTC
UCXUFyN9Ys5tiIHgJFQKRJvA,Ethio Forum ኢትዮ ፎረም,732859501,1470000,3950,2026-08-09 23:30:26 UTC
UCelbYFUaQW3eb9sg3004ZGw,Ethio News - ኢትዮ ኒውስ,94603498,394000,2852,2026-08-09 23:30:26 UTC
UCoVL5YOr2KdnYNspQf3s5uw,Ethio Selam_ኢትዮ ሰላም,11003876,117000,1167,2026-08-09 23:30:26 UTC
UCCk2vUhB0SyQhA6JXyjXHEg,EthioTube,50556022,340000,1976,2026-08-09 23:30:26 UTC
UC4yEV6VBe0Emu8sMpyij0uQ,Fana Entertainment ,84214070,623000,25778,2026-08-09 23:30:26 UTC
UCZtXd8pSeqURf5MT2fqE51g,Fana Television,555171465,1960000,65611,2026-08-09 23:30:26 UTC
UCgBnBckSLo6-uAiejtnEycQ,Feta Daily News,386529199,1150000,3230,2026-08-09 23:30:26 UTC
UCsNubCFfRG-jcQcWF9owGTw,Finote Godana,185913,9100,29,2026-08-09 23:30:26 UTC
UCb9fEB6StrknyRiSSzQ7H0A,GEBEYANU,16639227,171000,931,2026-08-09 23:30:26 UTC
UCkOxp2i-ltA9jj0uSamcFWQ,Gugut Podcast,5730528,52500,269,2026-08-09 23:30:26 UTC
UCNgwbT7BCcppLG3zDm9f5UA,Horizon Free Media    ሆራይዝን ነፃ ሚዲያ,10068730,93300,498,2026-08-09 23:30:26 UTC
UCzKNuQ80qNSpt2x-7dsazJg,MERI PODCAST,18177684,238000,198,2026-08-09 23:30:26 UTC
UCilWrw2C8_VkFZ2tE5eKpdQ,Mager Media - ማገር ,2555139,37000,450,2026-08-09 23:30:26 UTC
UCZvMKrP8XmP9GAHMloucOaA,Mengizem Media ምንጊዜም ሚዲያ,13339062,101000,3880,2026-08-09 23:30:26 UTC
UCmAnzjcjIgtWuE6AnBCViTg,OMN,181239529,966000,14677,2026-08-09 23:30:26 UTC
UCPVr1rrKl8pXVFi-rrqzS1g,Reyot,98238722,423000,2895,2026-08-09 23:30:26 UTC
UCDXU7RuIQc0xRKJyP0ZTZaQ,Roha ,120767238,426000,3869,2026-08-09 23:30:26 UTC
UCR9FW-7YPXYQE4U6UkuXM4A,TELES NEWS -ጠለስ ኒውስ,14409391,88900,607,2026-08-09 23:30:26 UTC
UC_f89AbX5NPU77YaoaSKRSg,Terara Network,3830460,53700,285,2026-08-09 23:30:26 UTC
UCBvvcSYeDriczyImdI1qZWw,Tigrai Media House,163804434,389000,6887,2026-08-09 23:30:26 UTC
UC5OePohJjdkd0Uwm3r1cThA,VOA Amharic,17576265,208000,8177,2026-08-09 23:30:26 UTC
UCQwdCM4dBMgxPh0UZa8PIow,Wazema Radio,3346172,67300,1307,2026-08-09 23:30:26 UTC
UCJ61rOk0c0b0COn0qOOo1aQ,Zara Media Network - ዛራ,839481,140000,0,2026-08-09 23:30:26 UTC
UCVcc_sbg3AcXLV9vVufJrGg,ebstv worldwide,2032403124,3620000,39162,2026-08-09 23:30:26 UTC
UC6bam4pQbuUgXnmyEFlSpNA,ዓባይ ዜና - Abbay News,57225306,641000,3034,2026-08-09 23:30:26 UTC
UCwUJ_Zli745ZoImP4IljpYg,Addis Compass Media / ACM / አዲስ  ኮምፓስ  ሚዲያ,42238577,134000,2469,2026-08-10 23:34:20 UTC
UC-kDmfnktrzc_SGpS9ulrXw,Adebabay Media,15485685,113000,1189,2026-08-10 23:34:20 UTC
UCUyDe7EvbwwDRjyjUFU5Zhw,Alpha Media አልፋ ሚዲያ,9695459,56700,1719,2026-08-10 23:34:20 UTC
UCwMHDoJO6cHO6LN1BItFsPQ,Andafta,373373539,1170000,9916,2026-08-10 23:34:20 UTC
UCK71ZGx5VYTWw2XQ0F_O0nQ,Arat Kilo Media አራት ኪሎ ሚዲያ ,945355,21100,90,2026-08-10 23:34:20 UTC
UC3-RNH75BEZslJLEoIAxa2A,DW Amharic,7534815,174000,1307,2026-08-10 23:34:20 UTC
UCb3euYUGSY7REtF8NDsMLsA,Dawit Dreams,73238635,694000,1301,2026-08-10 23:34:20 UTC
UCdQ-5b2xJiCWgxinWo4NX7w,Dejaf TV,15749907,215000,120,2026-08-10 23:34:20 UTC
UCqGE-jrAMzhipIWivRsaI5A,Donkey Tube,669216939,3310000,2119,2026-08-10 23:34:20 UTC
UCOhrz3uRCOHmK6ueUstw7_Q,EBC,652568721,2150000,82692,2026-08-10 23:34:20 UTC
UCCJbY4YdJIUk7Lygrkg5IRA,EMS (Ethiopian Media Services),176035854,581000,4756,2026-08-10 23:34:20 UTC
UCSYM-vgRrMYsZbG-Z7Kz0Pw,ESATtv Ethiopia,221574467,766000,14260,2026-08-10 23:34:20 UTC
UC_m5g0TeOmYTPb535BLWd9Q,Ethio Focus _ኢትዮ ፎከስ,35942057,172000,1111,2026-08-10 23:34:20 UTC
UCXUFyN9Ys5tiIHgJFQKRJvA,Ethio Forum ኢትዮ ፎረም,733134213,1470000,3950,2026-08-10 23:34:20 UTC
UCelbYFUaQW3eb9sg3004ZGw,Ethio News - ኢትዮ ኒውስ,94725862,394000,2853,2026-08-10 23:34:20 UTC
UCoVL5YOr2KdnYNspQf3s5uw,Ethio Selam_ኢትዮ ሰላም,11023839,117000,1169,2026-08-10 23:34:20 UTC
UCCk2vUhB0SyQhA6JXyjXHEg,EthioTube,50560565,340000,1976,2026-08-10 23:34:20 UTC
UC4yEV6VBe0Emu8sMpyij0uQ,Fana Entertainment ,84233365,623000,25779,2026-08-10 23:34:20 UTC
UCZtXd8pSeqURf5MT2fqE51g,Fana Television,555290452,1960000,65644,2026-08-10 23:34:20 UTC
UCgBnBckSLo6-uAiejtnEycQ,Feta Daily News,386665434,1150000,3232,2026-08-10 23:34:20 UTC
UCsNubCFfRG-jcQcWF9owGTw,Finote Godana,185913,9100,29,2026-08-10 23:34:20 UTC
UCb9fEB6StrknyRiSSzQ7H0A,GEBEYANU,16642172,171000,931,2026-08-10 23:34:20 UTC
UCkOxp2i-ltA9jj0uSamcFWQ,Gugut Podcast,5730924,52500,269,2026-08-10 23:34:20 UTC
UCNgwbT7BCcppLG3zDm9f5UA,Horizon Free Media    ሆራይዝን ነፃ ሚዲያ,10077072,93600,499,2026-08-10 23:34:20 UTC
UCzKNuQ80qNSpt2x-7dsazJg,MERI PODCAST,18194550,238000,198,2026-08-10 23:34:20 UTC
UCilWrw2C8_VkFZ2tE5eKpdQ,Mager Media - ማገር ,2555202,37000,450,2026-08-10 23:34:20 UTC
UCZvMKrP8XmP9GAHMloucOaA,Mengizem Media ምንጊዜም ሚዲያ,13344115,101000,3876,2026-08-10 23:34:20 UTC
UCmAnzjcjIgtWuE6AnBCViTg,OMN,181269942,967000,14681,2026-08-10 23:34:20 UTC
UCPVr1rrKl8pXVFi-rrqzS1g,Reyot,98272829,423000,2895,2026-08-10 23:34:20 UTC
UCDXU7RuIQc0xRKJyP0ZTZaQ,Roha ,120831021,427000,3872,2026-08-10 23:34:20 UTC
UCR9FW-7YPXYQE4U6UkuXM4A,TELES NEWS -ጠለስ ኒውስ,14435399,89000,608,2026-08-10 23:34:20 UTC
UC_f89AbX5NPU77YaoaSKRSg,Terara Network,3830471,53700,285,2026-08-10 23:34:20 UTC
UCBvvcSYeDriczyImdI1qZWw,Tigrai Media House,163806318,389000,6887,2026-08-10 23:34:20 UTC
UC5OePohJjdkd0Uwm3r1cThA,VOA Amharic,17576911,208000,8177,2026-08-10 23:34:20 UTC
UCQwdCM4dBMgxPh0UZa8PIow,Wazema Radio,3347756,67300,1308,2026-08-10 23:34:20 UTC
UCJ61rOk0c0b0COn0qOOo1aQ,Zara Media Network - ዛራ,839481,140000,0,2026-08-10 23:34:20 UTC
UCVcc_sbg3AcXLV9vVufJrGg,ebstv worldwide,2034106520,3620000,39176,2026-08-10 23:34:20 UTC
UC6bam4pQbuUgXnmyEFlSpNA,ዓባይ ዜና - Abbay News,57230566,641000,3036,2026-08-10 23:34:20 UTC
UCwUJ_Zli745ZoImP4IljpYg,Addis Compass Media / ACM / አዲስ  ኮምፓስ  ሚዲያ,42282425,134000,2471,2026-08-11 23:39:03 UTC
UC-kDmfnktrzc_SGpS9ulrXw,Adebabay Media,15485851,113000,1189,2026-08-11 23:39:03 UTC
UCUyDe7EvbwwDRjyjUFU5Zhw,Alpha Media አልፋ ሚዲያ,9695488,56700,1719,2026-08-11 23:39:03 UTC
UCwMHDoJO6cHO6LN1BItFsPQ,Andafta,373496075,1170000,9920,2026-08-11 23:39:03 UTC
UCK71ZGx5VYTWw2XQ0F_O0nQ,Arat Kilo Media አራት ኪሎ ሚዲያ ,945373,21100,90,2026-08-11 23:39:03 UTC
UC3-RNH75BEZslJLEoIAxa2A,DW Amharic,7559051,174000,1308,2026-08-11 23:39:03 UTC
UCb3euYUGSY7REtF8NDsMLsA,Dawit Dreams,73249354,694000,1302,2026-08-11 23:39:03 UTC
UCdQ-5b2xJiCWgxinWo4NX7w,Dejaf TV,15762480,215000,120,2026-08-11 23:39:03 UTC
UCqGE-jrAMzhipIWivRsaI5A,Donkey Tube,669391793,3310000,2120,2026-08-11 23:39:03 UTC
UCOhrz3uRCOHmK6ueUstw7_Q,EBC,652783528,2160000,82725,2026-08-11 23:39:03 UTC
UCCJbY4YdJIUk7Lygrkg5IRA,EMS (Ethiopian Media Services),176152220,581000,4759,2026-08-11 23:39:03 UTC
UCSYM-vgRrMYsZbG-Z7Kz0Pw,ESATtv Ethiopia,221594869,766000,14265,2026-08-11 23:39:03 UTC
UC_m5g0TeOmYTPb535BLWd9Q,Ethio Focus _ኢትዮ ፎከስ,36029355,172000,1113,2026-08-11 23:39:03 UTC
UCXUFyN9Ys5tiIHgJFQKRJvA,Ethio Forum ኢትዮ ፎረም,733293785,1470000,3950,2026-08-11 23:39:03 UTC
UCelbYFUaQW3eb9sg3004ZGw,Ethio News - ኢትዮ ኒውስ,94830831,395000,2854,2026-08-11 23:39:03 UTC
UCoVL5YOr2KdnYNspQf3s5uw,Ethio Selam_ኢትዮ ሰላም,11051592,117000,1171,2026-08-11 23:39:03 UTC
UCCk2vUhB0SyQhA6JXyjXHEg,EthioTube,50565018,340000,1976,2026-08-11 23:39:03 UTC
UC4yEV6VBe0Emu8sMpyij0uQ,Fana Entertainment ,84252313,623000,25781,2026-08-11 23:39:03 UTC
UCZtXd8pSeqURf5MT2fqE51g,Fana Television,555477166,1960000,65675,2026-08-11 23:39:03 UTC
UCgBnBckSLo6-uAiejtnEycQ,Feta Daily News,386869592,1150000,3234,2026-08-11 23:39:03 UTC
UCsNubCFfRG-jcQcWF9owGTw,Finote Godana,185914,9100,29,2026-08-11 23:39:03 UTC
UCb9fEB6StrknyRiSSzQ7H0A,GEBEYANU,16644683,171000,931,2026-08-11 23:39:03 UTC
UCkOxp2i-ltA9jj0uSamcFWQ,Gugut Podcast,5731334,52500,269,2026-08-11 23:39:03 UTC
UCNgwbT7BCcppLG3zDm9f5UA,Horizon Free Media    ሆራይዝን ነፃ ሚዲያ,10117692,93900,500,2026-08-11 23:39:03 UTC
UCzKNuQ80qNSpt2x-7dsazJg,MERI PODCAST,18211807,238000,198,2026-08-11 23:39:03 UTC
UCilWrw2C8_VkFZ2tE5eKpdQ,Mager Media - ማገር ,2555249,37000,450,2026-08-11 23:39:03 UTC
UCZvMKrP8XmP9GAHMloucOaA,Mengizem Media ምንጊዜም ሚዲያ,13351601,101000,3882,2026-08-11 23:39:03 UTC
UCmAnzjcjIgtWuE6AnBCViTg,OMN,181313114,967000,14684,2026-08-11 23:39:03 UTC
UCPVr1rrKl8pXVFi-rrqzS1g,Reyot,98284948,423000,2895,2026-08-11 23:39:03 UTC
UCDXU7RuIQc0xRKJyP0ZTZaQ,Roha ,120971718,427000,3875,2026-08-11 23:39:03 UTC
UCR9FW-7YPXYQE4U6UkuXM4A,TELES NEWS -ጠለስ ኒውስ,14466974,89100,609,2026-08-11 23:39:03 UTC
UC_f89AbX5NPU77YaoaSKRSg,Terara Network,3830489,53700,285,2026-08-11 23:39:03 UTC
UCBvvcSYeDriczyImdI1qZWw,Tigrai Media House,163808273,389000,6887,2026-08-11 23:39:03 UTC
UC5OePohJjdkd0Uwm3r1cThA,VOA Amharic,17577712,208000,8177,2026-08-11 23:39:03 UTC
UCQwdCM4dBMgxPh0UZa8PIow,Wazema Radio,3354362,67500,1309,2026-08-11 23:39:03 UTC
UCJ61rOk0c0b0COn0qOOo1aQ,Zara Media Network - ዛራ,839481,140000,0,2026-08-11 23:39:03 UTC
UCVcc_sbg3AcXLV9vVufJrGg,ebstv worldwide,2035341623,3630000,39187,2026-08-11 23:39:03 UTC
UC6bam4pQbuUgXnmyEFlSpNA,ዓባይ ዜና - Abbay News,57260591,641000,3038,2026-08-11 23:39:03 UTC
UCwUJ_Zli745ZoImP4IljpYg,Addis Compass Media / ACM / አዲስ  ኮምፓስ  ሚዲያ,42334580,134000,2472,2026-08-12 23:40:16 UTC
UC-kDmfnktrzc_SGpS9ulrXw,Adebabay Media,15485988,113000,1189,2026-08-12 23:40:16 UTC
UCUyDe7EvbwwDRjyjUFU5Zhw,Alpha Media አልፋ ሚዲያ,9695525,56700,1719,2026-08-12 23:40:16 UTC
UCwMHDoJO6cHO6LN1BItFsPQ,Andafta,373645554,1170000,9923,2026-08-12 23:40:16 UTC
UCK71ZGx5VYTWw2XQ0F_O0nQ,Arat Kilo Media አራት ኪሎ ሚዲያ ,945391,21100,90,2026-08-12 23:40:16 UTC
UC3-RNH75BEZslJLEoIAxa2A,DW Amharic,7586011,175000,1309,2026-08-12 23:40:16 UTC
UCb3euYUGSY7REtF8NDsMLsA,Dawit Dreams,73260543,694000,1302,2026-08-12 23:40:16 UTC
UCdQ-5b2xJiCWgxinWo4NX7w,Dejaf TV,15771061,215000,120,2026-08-12 23:40:16 UTC
UCqGE-jrAMzhipIWivRsaI5A,Donkey Tube,669582507,3320000,2120,2026-08-12 23:40:16 UTC
UCOhrz3uRCOHmK6ueUstw7_Q,EBC,652970865,2160000,82755,2026-08-12 23:40:16 UTC
UCCJbY4YdJIUk7Lygrkg5IRA,EMS (Ethiopian Media Services),176296158,582000,4763,2026-08-12 23:40:16 UTC
UCSYM-vgRrMYsZbG-Z7Kz0Pw,ESATtv Ethiopia,221613097,767000,14269,2026-08-12 23:40:16 UTC
UC_m5g0TeOmYTPb535BLWd9Q,Ethio Focus _ኢትዮ ፎከስ,36113801,172000,1115,2026-08-12 23:40:16 UTC
UCXUFyN9Ys5tiIHgJFQKRJvA,Ethio Forum ኢትዮ ፎረም,733404750,1470000,3950,2026-08-12 23:40:16 UTC
UCelbYFUaQW3eb9sg3004ZGw,Ethio News - ኢትዮ ኒውስ,94930167,395000,2855,2026-08-12 23:40:16 UTC
UCoVL5YOr2KdnYNspQf3s5uw,Ethio Selam_ኢትዮ ሰላም,11072484,117000,1173,2026-08-12 23:40:16 UTC
UCCk2vUhB0SyQhA6JXyjXHEg,EthioTube,50569574,340000,1976,2026-08-12 23:40:16 UTC
UC4yEV6VBe0Emu8sMpyij0uQ,Fana Entertainment ,84275365,623000,25782,2026-08-12 23:40:16 UTC
UCZtXd8pSeqURf5MT2fqE51g,Fana Television,555638251,1960000,65705,2026-08-12 23:40:16 UTC
UCgBnBckSLo6-uAiejtnEycQ,Feta Daily News,387092018,1150000,3236,2026-08-12 23:40:16 UTC
UCsNubCFfRG-jcQcWF9owGTw,Finote Godana,185914,9100,29,2026-08-12 23:40:16 UTC
UCb9fEB6StrknyRiSSzQ7H0A,GEBEYANU,16646740,171000,931,2026-08-12 23:40:16 UTC
UCkOxp2i-ltA9jj0uSamcFWQ,Gugut Podcast,5731771,52500,269,2026-08-12 23:40:16 UTC
UCNgwbT7BCcppLG3zDm9f5UA,Horizon Free Media    ሆራይዝን ነፃ ሚዲያ,10150775,94200,501,2026-08-12 23:40:16 UTC
UCzKNuQ80qNSpt2x-7dsazJg,MERI PODCAST,18227847,239000,198,2026-08-12 23:40:16 UTC
UCilWrw2C8_VkFZ2tE5eKpdQ,Mager Media - ማገር ,2555284,37000,450,2026-08-12 23:40:16 UTC
UCZvMKrP8XmP9GAHMloucOaA,Mengizem Media ምንጊዜም ሚዲያ,13353818,101000,3884,2026-08-12 23:40:16 UTC
UCmAnzjcjIgtWuE6AnBCViTg,OMN,181355252,967000,14685,2026-08-12 23:40:16 UTC
UCPVr1rrKl8pXVFi-rrqzS1g,Reyot,98292643,423000,2895,2026-08-12 23:40:16 UTC
UCDXU7RuIQc0xRKJyP0ZTZaQ,Roha ,121069775,427000,3878,2026-08-12 23:40:16 UTC
UCR9FW-7YPXYQE4U6UkuXM4A,TELES NEWS -ጠለስ ኒውስ,14497214,89100,610,2026-08-12 23:40:16 UTC
UC_f89AbX5NPU77YaoaSKRSg,Terara Network,3830505,53700,285,2026-08-12 23:40:16 UTC
UCBvvcSYeDriczyImdI1qZWw,Tigrai Media House,163810174,389000,6887,2026-08-12 23:40:16 UTC
UC5OePohJjdkd0Uwm3r1cThA,VOA Amharic,17578488,208000,8177,2026-08-12 23:40:16 UTC
UCQwdCM4dBMgxPh0UZa8PIow,Wazema Radio,3363077,67500,1310,2026-08-12 23:40:16 UTC
UCJ61rOk0c0b0COn0qOOo1aQ,Zara Media Network - ዛራ,839481,140000,0,2026-08-12 23:40:16 UTC
UCVcc_sbg3AcXLV9vVufJrGg,ebstv worldwide,2036271369,3630000,39201,2026-08-12 23:40:16 UTC
UC6bam4pQbuUgXnmyEFlSpNA,ዓባይ ዜና - Abbay News,57293971,641000,3040,2026-08-12 23:40:16 UTC
UCwUJ_Zli745ZoImP4IljpYg,Addis Compass Media / ACM / አዲስ  ኮምፓስ  ሚዲያ,42391229,134000,2474,2026-08-13 23:39:51 UTC
UC-kDmfnktrzc_SGpS9ulrXw,Adebabay Media,15486086,113000,1189,2026-08-13 23:39:51 UTC
UCUyDe7EvbwwDRjyjUFU5Zhw,Alpha Media አልፋ ሚዲያ,9695570,56700,1719,2026-08-13 23:39:51 UTC
UCwMHDoJO6cHO6LN1BItFsPQ,Andafta,373787839,1170000,9926,2026-08-13 23:39:51 UTC
UCK71ZGx5VYTWw2XQ0F_O0nQ,Arat Kilo Media አራት ኪሎ ሚዲያ ,945412,21100,90,2026-08-13 23:39:51 UTC
UC3-RNH75BEZslJLEoIAxa2A,DW Amharic,7623061,175000,1310,2026-08-13 23:39:51 UTC
UCb3euYUGSY7REtF8NDsMLsA,Dawit Dreams,73274419,694000,1304,2026-08-13 23:39:51 UTC
UCdQ-5b2xJiCWgxinWo4NX7w,Dejaf TV,15778823,215000,120,2026-08-13 23:39:51 UTC
UCqGE-jrAMzhipIWivRsaI5A,Donkey Tube,669763855,3320000,2123,2026-08-13 23:39:51 UTC
UCOhrz3uRCOHmK6ueUstw7_Q,EBC,653239310,2160000,82787,2026-08-13 23:39:51 UTC
UCCJbY4YdJIUk7Lygrkg5IRA,EMS (Ethiopian Media Services),176481858,582000,4766,2026-08-13 23:39:51 UTC
UCSYM-vgRrMYsZbG-Z7Kz0Pw,ESATtv Ethiopia,221636023,767000,14274,2026-08-13 23:39:51 UTC
UC_m5g0TeOmYTPb535BLWd9Q,Ethio Focus _ኢትዮ ፎከስ,36179147,172000,1116,2026-08-13 23:39:51 UTC
UCXUFyN9Ys5tiIHgJFQKRJvA,Ethio Forum ኢትዮ ፎረም,733520509,1470000,3950,2026-08-13 23:39:51 UTC
UCelbYFUaQW3eb9sg3004ZGw,Ethio News - ኢትዮ ኒውስ,95016296,395000,2856,2026-08-13 23:39:51 UTC
UCoVL5YOr2KdnYNspQf3s5uw,Ethio Selam_ኢትዮ ሰላም,11094218,118000,1175,2026-08-13 23:39:51 UTC
UCCk2vUhB0SyQhA6JXyjXHEg,EthioTube,50573979,340000,1976,2026-08-13 23:39:51 UTC
UC4yEV6VBe0Emu8sMpyij0uQ,Fana Entertainment ,84310816,623000,25783,2026-08-13 23:39:51 UTC
UCZtXd8pSeqURf5MT2fqE51g,Fana Television,555780604,1960000,65734,2026-08-13 23:39:51 UTC
UCgBnBckSLo6-uAiejtnEycQ,Feta Daily News,387318009,1150000,3238,2026-08-13 23:39:51 UTC
UCsNubCFfRG-jcQcWF9owGTw,Finote Godana,185914,9100,29,2026-08-13 23:39:51 UTC
UCb9fEB6StrknyRiSSzQ7H0A,GEBEYANU,16648918,171000,931,2026-08-13 23:39:51 UTC
UCkOxp2i-ltA9jj0uSamcFWQ,Gugut Podcast,5732219,52500,269,2026-08-13 23:39:51 UTC
UCNgwbT7BCcppLG3zDm9f5UA,Horizon Free Media    ሆራይዝን ነፃ ሚዲያ,10174024,94300,501,2026-08-13 23:39:51 UTC
UCzKNuQ80qNSpt2x-7dsazJg,MERI PODCAST,18246642,239000,198,2026-08-13 23:39:51 UTC
UCilWrw2C8_VkFZ2tE5eKpdQ,Mager Media - ማገር ,2555376,37000,450,2026-08-13 23:39:51 UTC
UCZvMKrP8XmP9GAHMloucOaA,Mengizem Media ምንጊዜም ሚዲያ,13359373,101000,3885,2026-08-13 23:39:51 UTC
UCmAnzjcjIgtWuE6AnBCViTg,OMN,181398456,968000,14688,2026-08-13 23:39:51 UTC
UCPVr1rrKl8pXVFi-rrqzS1g,Reyot,98301008,423000,2896,2026-08-13 23:39:51 UTC
UCDXU7RuIQc0xRKJyP0ZTZaQ,Roha ,121231373,427000,3881,2026-08-13 23:39:51 UTC
UCR9FW-7YPXYQE4U6UkuXM4A,TELES NEWS -ጠለስ ኒውስ,14526651,89200,611,2026-08-13 23:39:51 UTC
UC_f89AbX5NPU77YaoaSKRSg,Terara Network,3830525,53700,285,2026-08-13 23:39:51 UTC
UCBvvcSYeDriczyImdI1qZWw,Tigrai Media House,163812278,389000,6887,2026-08-13 23:39:51 UTC
UC5OePohJjdkd0Uwm3r1cThA,VOA Amharic,17579136,208000,8177,2026-08-13 23:39:51 UTC
UCQwdCM4dBMgxPh0UZa8PIow,Wazema Radio,3369109,67600,1311,2026-08-13 23:39:51 UTC
UCJ61rOk0c0b0COn0qOOo1aQ,Zara Media Network - ዛራ,839481,140000,0,2026-08-13 23:39:51 UTC
UCVcc_sbg3AcXLV9vVufJrGg,ebstv worldwide,2037154519,3630000,39214,2026-08-13 23:39:51 UTC
UC6bam4pQbuUgXnmyEFlSpNA,ዓባይ ዜና - Abbay News,57327229,642000,3042,2026-08-13 23:39:51 UTC
UCwUJ_Zli745ZoImP4IljpYg,Addis Compass Media / ACM / አዲስ  ኮምፓስ  ሚዲያ,42435125,134000,2475,2026-08-14 23:20:21 UTC
UC-kDmfnktrzc_SGpS9ulrXw,Adebabay Media,15491184,113000,1190,2026-08-14 23:20:21 UTC
UCUyDe7EvbwwDRjyjUFU5Zhw,Alpha Media አልፋ ሚዲያ,9695626,56700,1719,2026-08-14 23:20:21 UTC
UCwMHDoJO6cHO6LN1BItFsPQ,Andafta,373964368,1170000,9930,2026-08-14 23:20:21 UTC
UCK71ZGx5VYTWw2XQ0F_O0nQ,Arat Kilo Media አራት ኪሎ ሚዲያ ,945425,21100,90,2026-08-14 23:20:21 UTC
UC3-RNH75BEZslJLEoIAxa2A,DW Amharic,7660695,176000,1314,2026-08-14 23:20:21 UTC
UCb3euYUGSY7REtF8NDsMLsA,Dawit Dreams,73287913,694000,1304,2026-08-14 23:20:21 UTC
UCdQ-5b2xJiCWgxinWo4NX7w,Dejaf TV,15785509,215000,120,2026-08-14 23:20:21 UTC
UCqGE-jrAMzhipIWivRsaI5A,Donkey Tube,669884627,3320000,2123,2026-08-14 23:20:21 UTC
UCOhrz3uRCOHmK6ueUstw7_Q,EBC,653558473,2160000,82823,2026-08-14 23:20:21 UTC
UCCJbY4YdJIUk7Lygrkg5IRA,EMS (Ethiopian Media Services),176616238,582000,4771,2026-08-14 23:20:21 UTC
UCSYM-vgRrMYsZbG-Z7Kz0Pw,ESATtv Ethiopia,221656672,767000,14279,2026-08-14 23:20:21 UTC
UC_m5g0TeOmYTPb535BLWd9Q,Ethio Focus _ኢትዮ ፎከስ,36224366,172000,1117,2026-08-14 23:20:21 UTC
UCXUFyN9Ys5tiIHgJFQKRJvA,Ethio Forum ኢትዮ ፎረም,733632837,1470000,3950,2026-08-14 23:20:21 UTC
UCelbYFUaQW3eb9sg3004ZGw,Ethio News - ኢትዮ ኒውስ,95104665,395000,2856,2026-08-14 23:20:21 UTC
UCoVL5YOr2KdnYNspQf3s5uw,Ethio Selam_ኢትዮ ሰላም,11145410,118000,1177,2026-08-14 23:20:21 UTC
UCCk2vUhB0SyQhA6JXyjXHEg,EthioTube,50578188,340000,1976,2026-08-14 23:20:21 UTC
UC4yEV6VBe0Emu8sMpyij0uQ,Fana Entertainment ,84348352,623000,25784,2026-08-14 23:20:21 UTC
UCZtXd8pSeqURf5MT2fqE51g,Fana Television,555936177,1960000,65763,2026-08-14 23:20:21 UTC
UCgBnBckSLo6-uAiejtnEycQ,Feta Daily News,387532137,1160000,3240,2026-08-14 23:20:21 UTC
UCsNubCFfRG-jcQcWF9owGTw,Finote Godana,185914,9100,29,2026-08-14 23:20:21 UTC
UCb9fEB6StrknyRiSSzQ7H0A,GEBEYANU,16650797,171000,931,2026-08-14 23:20:21 UTC
UCkOxp2i-ltA9jj0uSamcFWQ,Gugut Podcast,5732640,52500,269,2026-08-14 23:20:21 UTC
UCNgwbT7BCcppLG3zDm9f5UA,Horizon Free Media    ሆራይዝን ነፃ ሚዲያ,10188147,94400,502,2026-08-14 23:20:21 UTC
UCzKNuQ80qNSpt2x-7dsazJg,MERI PODCAST,18264929,239000,198,2026-08-14 23:20:21 UTC
UCilWrw2C8_VkFZ2tE5eKpdQ,Mager Media - ማገር ,2555479,37000,450,2026-08-14 23:20:21 UTC
UCZvMKrP8XmP9GAHMloucOaA,Mengizem Media ምንጊዜም ሚዲያ,13363022,101000,3886,2026-08-14 23:20:21 UTC
UCmAnzjcjIgtWuE6AnBCViTg,OMN,181443820,968000,14691,2026-08-14 23:20:21 UTC
UCPVr1rrKl8pXVFi-rrqzS1g,Reyot,98344661,423000,2896,2026-08-14 23:20:21 UTC
UCDXU7RuIQc0xRKJyP0ZTZaQ,Roha ,121327371,428000,3883,2026-08-14 23:20:21 UTC
UCR9FW-7YPXYQE4U6UkuXM4A,TELES NEWS -ጠለስ ኒውስ,14554521,89200,611,2026-08-14 23:20:21 UTC
UC_f89AbX5NPU77YaoaSKRSg,Terara Network,3830546,53700,285,2026-08-14 23:20:21 UTC
UCBvvcSYeDriczyImdI1qZWw,Tigrai Media House,163814280,389000,6887,2026-08-14 23:20:21 UTC
UC5OePohJjdkd0Uwm3r1cThA,VOA Amharic,17579696,208000,8177,2026-08-14 23:20:21 UTC
UCQwdCM4dBMgxPh0UZa8PIow,Wazema Radio,3375394,67600,1312,2026-08-14 23:20:21 UTC
UCJ61rOk0c0b0COn0qOOo1aQ,Zara Media Network - ዛራ,839481,140000,0,2026-08-14 23:20:21 UTC
UCVcc_sbg3AcXLV9vVufJrGg,ebstv worldwide,2037983558,3630000,39220,2026-08-14 23:20:21 UTC
UC6bam4pQbuUgXnmyEFlSpNA,ዓባይ ዜና - Abbay News,57363970,642000,3044,2026-08-14 23:20:21 UTC
